index,ADHD,PTSD,anxiety,autism,depression,non-diagnosed,schizophrenia,Macro_Average
TPR,0.84,0.9454545454545454,0.9607843137254902,0.9787234042553191,0.8522727272727273,0.9746835443037974,0.9423076923076923,0.9277466039027961
PPV,0.8936170212765957,0.9629629629629629,0.8305084745762712,0.9583333333333334,0.9259259259259259,0.9390243902439024,0.9607843137254902,0.9244509174349259
ACC,0.9691943127962085,0.9881516587677726,0.9715639810426541,0.9928909952606635,0.9549763033175356,0.9834123222748815,0.9881516587677726,0.978334461746784
F1,0.865979381443299,0.9541284403669725,0.8909090909090909,0.968421052631579,0.8875739644970414,0.9565217391304348,0.9514563106796117,0.9249985685225756
MCC,0.8491136877679122,0.9473789484707832,0.8777293272990873,0.9644840610667353,0.8606401837846188,0.9465281478392976,0.9447671625724052,0.9129487884001198
AUC,0.9132795698924732,0.9700024770869458,0.966915067913958,0.9866950354609929,0.9171543277082199,0.9800531424142893,0.9684511434511435,0.9575072519897174
GM,0.9103349259582183,0.969691809085434,0.966895631602571,0.9866628330383641,0.9148565126613276,0.980038432599587,0.9680982063892781,0.9566540501906831
