index,ADHD,PTSD,anxiety,autism,depression,non-diagnosed,schizophrenia,Macro_Average
TPR,0.8,0.8727272727272727,0.9215686274509803,0.9574468085106383,0.8295454545454546,0.8860759493670886,0.8076923076923077,0.867865202899106
PPV,0.7407407407407407,0.9230769230769231,0.7704918032786885,0.9183673469387755,0.9012345679012346,0.8974358974358975,0.8936170212765957,0.8635663286641222
ACC,0.943127962085308,0.9739336492890995,0.957345971563981,0.985781990521327,0.9454976303317536,0.9597156398104265,0.9644549763033176,0.961408259986459
F1,0.7692307692307693,0.897196261682243,0.8392857142857143,0.9375,0.863905325443787,0.89171974522293,0.8484848484848485,0.8639032377643275
MCC,0.7375627407884097,0.8827393533380978,0.8192635413848572,0.9297394247176985,0.8310186066247535,0.8670022529209246,0.8297671885758026,0.8424418726215064
AUC,0.8811827956989248,0.9309140450829824,0.9419163891971882,0.9733900709219858,0.9027966793685357,0.9313761671033693,0.8970893970893972,0.9226665063517691
GM,0.8774351674729477,0.9290937836707259,0.9416965821485117,0.9732594939445448,0.8998200388637569,0.9302738601730186,0.8926239671762947,0.9206004133499714
