index,ADHD,PTSD,anxiety,autism,depression,non-diagnosed,schizophrenia,Macro_Average
TPR,0.92,0.9818181818181818,0.8235294117647058,0.9787234042553191,0.8863636363636364,0.9620253164556962,0.8653846153846154,0.916834938006022
PPV,0.8363636363636363,0.8709677419354839,0.875,0.92,0.9873417721518988,0.95,0.9375,0.911024735778717
ACC,0.9691943127962085,0.9786729857819905,0.9644549763033176,0.9881516587677726,0.9739336492890995,0.9834123222748815,0.976303317535545,0.976303317535545
F1,0.8761904761904762,0.9230769230769231,0.8484848484848485,0.9484536082474226,0.9341317365269461,0.9559748427672956,0.9,0.9123303478991305
MCC,0.8599164978608371,0.9129510229183223,0.828860010603727,0.9423427696563105,0.9200182139248929,0.9457847595642812,0.8874972920240223,0.899624366650342
AUC,0.9479032258064517,0.980009908347783,0.9036784525130808,0.9840283687943262,0.9416848121937942,0.9751817544377607,0.9286382536382536,0.9515892536759215
GM,0.9474924461355199,0.980008240070912,0.9001171461557388,0.9840140689762836,0.9400584306420693,0.9750930018864524,0.9264815072995162,0.9504664058809275
