index,ADHD,PTSD,anxiety,autism,depression,non-diagnosed,schizophrenia,Macro_Average
TPR,0.84,0.8545454545454545,0.7450980392156863,0.8936170212765957,0.8068181818181818,0.8354430379746836,0.8653846153846154,0.8344151928878881
PPV,0.5833333333333334,0.8392857142857143,0.7450980392156863,0.9767441860465116,0.8987341772151899,0.8918918918918919,0.9574468085106383,0.8417905929284236
ACC,0.909952606635071,0.9597156398104265,0.9383886255924171,0.985781990521327,0.9407582938388626,0.9502369668246445,0.9786729857819905,0.951929587000677
F1,0.6885245901639344,0.8468468468468469,0.7450980392156863,0.9333333333333333,0.8502994011976048,0.8627450980392157,0.9090909090909091,0.8337054596982186
MCC,0.652380492672537,0.8237009711732757,0.7100576079488399,0.9265401321364626,0.8153450586354871,0.833057581398553,0.8985162239643475,0.8085140097042147
AUC,0.8796774193548387,0.9150111468912558,0.85502880397442,0.9454751773049646,0.8914330430048993,0.9060597114071669,0.929989604989605,0.9032392724181644
GM,0.8787821484965025,0.9130111165721885,0.8479324752511176,0.9440519278901937,0.8874081335142963,0.9033036510878103,0.9277428850208773,0.9003189054047124
