index,ADHD,PTSD,anxiety,autism,depression,non-diagnosed,schizophrenia,Macro_Average
TPR,0.7,0.6545454545454545,0.6078431372549019,0.9574468085106383,0.6590909090909091,0.8987341772151899,0.7115384615384616,0.7413141354507936
PPV,0.7142857142857143,0.6206896551724138,0.543859649122807,0.9375,0.725,0.8875,0.74,0.7384050026544193
ACC,0.9312796208530806,0.9028436018957346,0.8909952606635071,0.9881516587677726,0.8767772511848341,0.9597156398104265,0.933649289099526,0.9262017603249831
F1,0.7070707070707071,0.6371681415929203,0.5740740740740741,0.9473684210526315,0.6904761904761905,0.8930817610062893,0.7254901960784313,0.7392470701930349
MCC,0.6681927817544469,0.5813993701532787,0.5128360128045205,0.9407598669789432,0.6148571735744328,0.8682915224300534,0.6879419552992156,0.6963255261421273
AUC,0.8311827956989247,0.7972999752291305,0.7688811373606046,0.9747234042553192,0.7966113228089275,0.9362475550798981,0.8382016632016632,0.8490211219477811
GM,0.8207654439475961,0.7844159593766219,0.751827750160163,0.9745702817357778,0.7846513464196786,0.9354957139796347,0.8285761652005575,0.8400432372600042
