index,ADHD,PTSD,anxiety,autism,depression,non-diagnosed,schizophrenia,Macro_Average
TPR,0.8,0.9636363636363636,0.9803921568627451,1.0,0.9204545454545454,0.9240506329113924,0.9230769230769231,0.9302300888488528
PPV,0.8,0.9814814814814815,0.8620689655172413,0.9791666666666666,0.9642857142857143,0.948051948051948,0.9411764705882353,0.925175892370184
ACC,0.95260663507109,0.9928909952606635,0.9786729857819905,0.9976303317535545,0.976303317535545,0.976303317535545,0.9834123222748815,0.9796885578876101
F1,0.8,0.9724770642201835,0.9174311926605505,0.9894736842105263,0.9418604651162791,0.9358974358974359,0.9320388349514563,0.9270255252937759
MCC,0.7731182795698924,0.9684495670148261,0.9077127404458731,0.9882082551545275,0.9273851790355949,0.921479447134443,0.9226495689517709,0.9155718624724182
AUC,0.8865591397849463,0.9804557839980184,0.9794144072723429,0.9986666666666666,0.9557362547632009,0.9561944126656088,0.9574844074844076,0.9592158675193131
GM,0.8823234234995204,0.9803115073658305,0.9794139192284196,0.9986657765906136,0.9550848075731545,0.9556539814368173,0.9568659862240457,0.9583313431312003
