index,ADHD,PTSD,anxiety,autism,depression,non-diagnosed,schizophrenia,Macro_Average
TPR,0.04,0.6727272727272727,0.49019607843137253,0.574468085106383,0.6363636363636364,1.0,0.4230769230769231,0.5481188565293696
PPV,0.4,0.8222222222222222,0.7352941176470589,1.0,0.8235294117647058,0.3623853211009174,0.88,0.7176330103907006
ACC,0.8791469194312796,0.9383886255924171,0.9170616113744076,0.95260663507109,0.8957345971563981,0.6706161137440758,0.9218009478672986,0.8821936357481382
F1,0.07272727272727272,0.74,0.5882352941176471,0.7297297297297297,0.717948717948718,0.531986531986532,0.5714285714285714,0.5645794454197816
MCC,0.09538431017724,0.7100206892299313,0.5580128722084904,0.7384992169633133,0.6634754203153718,0.46425150738850485,0.5777670051263719,0.5439158602013177
AUC,0.5159677419354839,0.8254644538023285,0.7329686591617779,0.7872340425531915,0.8002177463255308,0.7973760932944607,0.7074844074844074,0.7381018777938829
GM,0.19919191588726365,0.8112107728626525,0.6915956400664433,0.7579367289598671,0.7832625818861175,0.7712017807220891,0.6478013350145009,0.6660286793427048
