index,ADHD,PTSD,anxiety,autism,depression,non-diagnosed,schizophrenia,Macro_Average
TPR,0.84,0.9454545454545454,0.9607843137254902,0.9787234042553191,0.9204545454545454,0.8734177215189873,0.9230769230769231,0.9202730647836873
PPV,0.9130434782608695,0.8666666666666667,0.9245283018867925,0.9787234042553191,0.9529411764705882,0.92,0.8571428571428571,0.9161494120975846
ACC,0.9715639810426541,0.9739336492890995,0.985781990521327,0.995260663507109,0.9739336492890995,0.9620853080568721,0.9715639810426541,0.976303317535545
F1,0.875,0.9043478260869565,0.9423076923076923,0.9787234042553191,0.9364161849710982,0.8961038961038961,0.8888888888888888,0.9173982703734074
MCC,0.8599391199984724,0.8904197963461217,0.9344277736168627,0.9760567375886525,0.9202478443392198,0.8733753961106233,0.8733979632265376,0.9039806616037842
AUC,0.9146236559139784,0.9618280901659648,0.9750013212832302,0.9880283687943262,0.954239248775177,0.9279625050743625,0.9507276507276508,0.9532015486763844
GM,0.9115743205770355,0.9616887137041229,0.9748976629370634,0.9879845520944671,0.9536409899561527,0.9263580719196997,0.9503254722033411,0.9523528261988402
