index,ADHD,PTSD,anxiety,autism,depression,non-diagnosed,schizophrenia,Macro_Average
TPR,0.84,0.9636363636363636,0.9607843137254902,1.0,0.8863636363636364,0.9493670886075949,0.9423076923076923,0.9346370135201111
PPV,0.875,0.9137931034482759,0.8909090909090909,0.9791666666666666,0.9873417721518988,0.9146341463414634,0.9423076923076923,0.9290217816892984
ACC,0.966824644549763,0.9834123222748815,0.981042654028436,0.9976303317535545,0.9739336492890995,0.9739336492890995,0.985781990521327,0.980365605958023
F1,0.8571428571428571,0.9380530973451328,0.9245283018867925,0.9894736842105263,0.9341317365269461,0.9316770186335404,0.9423076923076923,0.9310449125790698
MCC,0.8386084833659248,0.92892137327606,0.9145575421797005,0.9882082551545275,0.9200182139248929,0.9158212844945726,0.9341995841995842,0.920047819513609
AUC,0.9119354838709677,0.9750061927173643,0.9723059034934729,0.9986666666666666,0.9416848121937942,0.9644794626711444,0.9670997920997921,0.9615969019590288
GM,0.9090938416374988,0.9749398970315448,0.9722376370710388,0.9986657765906136,0.9400584306420693,0.9643610579365919,0.9667819607684867,0.9608769430968348
