index,ADHD,PTSD,anxiety,autism,depression,non-diagnosed,schizophrenia,Macro_Average
TPR,1.0,0.9818181818181818,0.9607843137254902,1.0,0.9772727272727273,0.9746835443037974,1.0,0.9849369667314567
PPV,0.9090909090909091,1.0,1.0,1.0,0.9885057471264368,1.0,0.9811320754716981,0.9826755330984348
ACC,0.9881516587677726,0.9976303317535545,0.995260663507109,1.0,0.9928909952606635,0.995260663507109,0.9976303317535545,0.995260663507109
F1,0.9523809523809523,0.9908256880733946,0.98,1.0,0.9828571428571429,0.9871794871794872,0.9904761904761905,0.9833884944238811
MCC,0.9470332334501478,0.9895201855588691,0.9775646552565486,1.0,0.9783984464565928,0.9843948419798476,0.9891816653980261,0.9808704325857188
AUC,0.9932795698924731,0.990909090909091,0.9803921568627452,1.0,0.9871393576483397,0.9873417721518987,0.9986486486486487,0.9911015137304566
GM,0.9932568347537037,0.9908673886137246,0.9801960588196069,1.0,0.9870900470693683,0.9872606263311616,0.9986477343374376,0.9910455271321433
