index,ADHD,PTSD,anxiety,autism,depression,non-diagnosed,schizophrenia,Macro_Average
TPR,0.38,0.8181818181818182,0.9215686274509803,0.8297872340425532,0.5454545454545454,0.7848101265822784,0.4807692307692308,0.680081654640201
PPV,0.8636363636363636,0.8653846153846154,0.2883435582822086,0.975,0.9795918367346939,0.9253731343283582,0.8620689655172413,0.822771210554783
ACC,0.919431279620853,0.9597156398104265,0.7156398104265402,0.9786729857819905,0.9028436018957346,0.9478672985781991,0.9265402843601895,0.9072444143534192
F1,0.5277777777777778,0.8411214953271028,0.4392523364485981,0.896551724137931,0.7007299270072993,0.8493150684931506,0.6172839506172839,0.6960046114013062
MCC,0.5407328442009547,0.8184976873616646,0.4076378004378359,0.8883246346311228,0.6879078419245539,0.8221121648402768,0.6106139117624758,0.6822609835941263
AUC,0.6859677419354839,0.8995541243497647,0.8044500819195602,0.9135602836879433,0.7712302667392488,0.8851164335535299,0.73497920997921,0.8135511631663915
GM,0.6139507177868332,0.895866156534324,0.7958788730661167,0.9097112003735616,0.7374425048863571,0.8794144334318771,0.6896170861947415,0.7888401388962588
