index,ADHD,PTSD,anxiety,autism,depression,non-diagnosed,schizophrenia,Macro_Average
TPR,0.88,0.9090909090909091,0.8431372549019608,0.8936170212765957,0.875,0.8354430379746836,0.8653846153846154,0.8716675483755376
PPV,0.6111111111111112,0.8771929824561403,0.8113207547169812,1.0,0.9746835443037974,0.9166666666666666,0.9574468085106383,0.8783459811093335
ACC,0.919431279620853,0.9715639810426541,0.957345971563981,0.9881516587677726,0.9691943127962085,0.9549763033175356,0.9786729857819905,0.962762356127285
F1,0.7213114754098361,0.8928571428571429,0.8269230769230769,0.9438202247191011,0.9221556886227545,0.8741721854304636,0.9090909090909091,0.8700472432933263
MCC,0.6913644303541867,0.8766555459347544,0.8028021200536974,0.939073427680492,0.9050649060264063,0.8481785114328025,0.8985162239643475,0.8516650236352409
AUC,0.9023655913978494,0.9450086698043101,0.9080915385021933,0.9468085106382979,0.9345059880239521,0.9089751633022105,0.929989604989605,0.9251064380940598
GM,0.9020883775219671,0.944325844436467,0.9057655233785734,0.9453131868733218,0.9326094997596347,0.9059960673452712,0.9277428850208773,0.9234059120480161
