index,ADHD,PTSD,anxiety,autism,depression,non-diagnosed,schizophrenia,Macro_Average
TPR,1.0,0.9818181818181818,0.9803921568627451,1.0,0.9772727272727273,1.0,1.0,0.9913547237076649
PPV,0.9433962264150944,1.0,1.0,1.0,0.9885057471264368,1.0,1.0,0.9902717105059331
ACC,0.9928909952606635,0.9976303317535545,0.9976303317535545,1.0,0.9928909952606635,1.0,1.0,0.997291807718348
F1,0.970873786407767,0.9908256880733946,0.9900990099009901,1.0,0.9828571428571429,1.0,1.0,0.9906650896056135
MCC,0.9673614589857824,0.9895201855588691,0.9888158039167253,1.0,0.9783984464565928,1.0,1.0,0.9891565564168527
AUC,0.9959677419354839,0.990909090909091,0.9901960784313726,1.0,0.9871393576483397,1.0,1.0,0.9948874669891838
GM,0.9959595794363182,0.9908673886137246,0.9901475429766743,1.0,0.9870900470693683,1.0,1.0,0.9948663654422979
