index,ADHD,PTSD,anxiety,autism,depression,non-diagnosed,schizophrenia,Macro_Average
TPR,0.92,0.7272727272727273,0.6274509803921569,0.574468085106383,0.5795454545454546,0.35443037974683544,0.40384615384615385,0.5981448258442444
PPV,0.2358974358974359,0.8,0.7619047619047619,1.0,0.9107142857142857,0.9655172413793104,0.9130434782608695,0.7981538861652375
ACC,0.6374407582938388,0.9407582938388626,0.9312796208530806,0.95260663507109,0.9004739336492891,0.8767772511848341,0.9218009478672986,0.8801624915368992
F1,0.37551020408163266,0.7619047619047619,0.6881720430107527,0.7297297297297297,0.7083333333333334,0.5185185185185185,0.56,0.6203097986541042
MCC,0.3367288497108405,0.7292413944768713,0.6538321904009291,0.7384992169633133,0.67608602672191,0.5420122530203302,0.5769204255871021,0.6076171938401852
AUC,0.759731182795699,0.8500123854347288,0.8002484012472914,0.7872340425531915,0.7822876973326076,0.6757574639258959,0.6992203742203742,0.7649273639299699
GM,0.7426340797082275,0.841104055219515,0.7813696660638032,0.7579367289598671,0.7555591468492645,0.5944720809462304,0.6337690444185498,0.7295492574522083
