index,ADHD,PTSD,anxiety,autism,depression,non-diagnosed,schizophrenia,Macro_Average
TPR,1.0,0.9818181818181818,1.0,1.0,0.9772727272727273,0.9746835443037974,0.9807692307692307,0.9877919548805625
PPV,0.9433962264150944,1.0,0.9807692307692307,1.0,0.9885057471264368,0.9871794871794872,1.0,0.9856929559271784
ACC,0.9928909952606635,0.9976303317535545,0.9976303317535545,1.0,0.9928909952606635,0.9928909952606635,0.9976303317535545,0.995937711577522
F1,0.970873786407767,0.9908256880733946,0.9902912621359223,1.0,0.9828571428571429,0.9808917197452229,0.9902912621359223,0.9865758373364818
MCC,0.9673614589857824,0.9895201855588691,0.989002349813674,1.0,0.9783984464565928,0.9765550228383004,0.989002349813674,0.9842628304952704
AUC,0.9959677419354839,0.990909090909091,0.9986522911051212,1.0,0.9871393576483397,0.9858840462043769,0.9903846153846154,0.9927053061695753
GM,0.9959595794363182,0.9908673886137246,0.998651381719488,1.0,0.9870900470693683,0.9858204204202148,0.9903379376602871,0.9926752507027716
