index,ADHD,PTSD,anxiety,autism,depression,non-diagnosed,schizophrenia,Macro_Average
TPR,0.98,0.9636363636363636,1.0,1.0,0.9772727272727273,1.0,0.9615384615384616,0.9832067932067933
PPV,0.98,0.9814814814814815,0.9622641509433962,1.0,0.9885057471264368,0.9753086419753086,1.0,0.9839371459323747
ACC,0.995260663507109,0.9928909952606635,0.995260663507109,1.0,0.9928909952606635,0.995260663507109,0.995260663507109,0.995260663507109
F1,0.98,0.9724770642201835,0.9807692307692307,1.0,0.9828571428571429,0.9875,0.9803921568627451,0.9834279421013289
MCC,0.9773118279569892,0.9684495670148261,0.9783029914712511,1.0,0.9783984464565928,0.9846937143692499,0.9779411536065382,0.9807282429822068
AUC,0.9886559139784946,0.9804557839980184,0.9973045822102427,1.0,0.9871393576483397,0.9970845481049563,0.9807692307692308,0.9902013452441832
GM,0.9886180209756695,0.9803115073658305,0.9973009397471182,1.0,0.9870900470693683,0.9970802857392741,0.9805806756909202,0.9901402109411687
