index,ADHD,PTSD,anxiety,autism,depression,non-diagnosed,schizophrenia,Macro_Average
TPR,0.82,0.7636363636363637,0.39215686274509803,1.0,0.7386363636363636,0.9113924050632911,0.8653846153846154,0.7844580872093901
PPV,0.6612903225806451,0.5675675675675675,0.6896551724137931,0.9215686274509803,0.8552631578947368,0.96,0.8181818181818182,0.7819323808699344
ACC,0.9289099526066351,0.8933649289099526,0.9052132701421801,0.990521327014218,0.919431279620853,0.976303317535545,0.9597156398104265,0.93906567366283
F1,0.7321428571428571,0.6511627906976745,0.5,0.9591836734693877,0.7926829268292683,0.935064935064935,0.8411214953271028,0.7730512397901751
MCC,0.6970211255993163,0.5988803172096927,0.47402835072239596,0.9548500207317917,0.7460899928179682,0.9210489722532547,0.8184976873616646,0.744345209528012
AUC,0.8817741935483872,0.8382214515729502,0.6839490513186407,0.9946666666666666,0.8528511159499184,0.95132302468908,0.9191787941787942,0.8745663282749196
GM,0.8796076838110015,0.8348965603801201,0.6185819456524178,0.9946523680831073,0.8451686318900947,0.9504846358147409,0.9176033140719589,0.8629993056719202
