index,ADHD,PTSD,anxiety,autism,depression,non-diagnosed,schizophrenia,Macro_Average
TPR,1.0,0.9818181818181818,0.9803921568627451,1.0,0.9886363636363636,0.9620253164556962,1.0,0.9875531455389981
PPV,0.9259259259259259,1.0,1.0,1.0,0.9886363636363636,1.0,0.9811320754716981,0.9850991950048554
ACC,0.990521327014218,0.9976303317535545,0.9976303317535545,1.0,0.995260663507109,0.9928909952606635,0.9976303317535545,0.995937711577522
F1,0.9615384615384616,0.9908256880733946,0.9900990099009901,1.0,0.9886363636363636,0.9806451612903225,0.9904761904761905,0.986031553559389
MCC,0.9570630769045654,0.9895201855588691,0.9888158039167253,1.0,0.9856423516603158,0.9765674869083177,0.9891816653980261,0.9838272243352598
AUC,0.9946236559139785,0.990909090909091,0.9901960784313726,1.0,0.9928211758301579,0.9810126582278481,0.9986486486486487,0.9926016154230138
GM,0.9946091251481444,0.9908673886137246,0.9901475429766743,1.0,0.9928123561497811,0.9808288925473679,0.9986477343374376,0.9925590056818757
