index,ADHD,PTSD,anxiety,autism,depression,non-diagnosed,schizophrenia,Macro_Average
TPR,0.86,0.9818181818181818,0.7647058823529411,1.0,0.9545454545454546,0.9367088607594937,1.0,0.9282540542108674
PPV,0.8958333333333334,0.8307692307692308,0.9285714285714286,0.9791666666666666,0.9545454545454546,0.9736842105263158,0.9454545454545454,0.9297178385524251
ACC,0.9715639810426541,0.9715639810426541,0.9644549763033176,0.9976303317535545,0.981042654028436,0.9834123222748815,0.9928909952606635,0.980365605958023
F1,0.8775510204081632,0.9,0.8387096774193549,0.9894736842105263,0.9545454545454546,0.9548387096774194,0.9719626168224299,0.9267258804404784
MCC,0.8617025045079517,0.8877486478774228,0.8238216544428534,0.9882082551545275,0.9425694066412629,0.9449492975976448,0.968394907973342,0.9167706677421437
AUC,0.9232795698924732,0.9759227148872925,0.8783098144918344,0.9986666666666666,0.9712847033206315,0.9654389784847031,0.9959459459459459,0.9584069133842209
GM,0.9211084953549467,0.9759049077152192,0.870931843966715,0.9986657765906136,0.9711404493970426,0.9650113996803782,0.9959376947841124,0.956957223927004
