index,ADHD,PTSD,anxiety,autism,depression,non-diagnosed,schizophrenia,Macro_Average
TPR,0.84,0.9090909090909091,0.6470588235294118,0.9574468085106383,0.8863636363636364,0.9367088607594937,0.9230769230769231,0.8713922801901447
PPV,0.9333333333333333,0.8064516129032258,0.7857142857142857,1.0,0.8863636363636364,0.8505747126436781,0.9056603773584906,0.8811568511880928
ACC,0.9739336492890995,0.9597156398104265,0.9360189573459715,0.995260663507109,0.95260663507109,0.957345971563981,0.9786729857819905,0.964793500338524
F1,0.8842105263157894,0.8547008547008547,0.7096774193548387,0.9782608695652174,0.8863636363636364,0.891566265060241,0.9142857142857143,0.874152183663756
MCC,0.8711023561604587,0.8334246875541914,0.6781163995497754,0.9758931883647864,0.8564235166031573,0.8666535062815975,0.9021617231845662,0.8548250539569332
AUC,0.9159677419354839,0.9381966807034927,0.8114000317107976,0.9787234042553192,0.9282117583015786,0.9494039930619627,0.9547817047817049,0.9252407592500485
GM,0.9128120323766624,0.9377450963571536,0.7945828960868498,0.9784921095801633,0.9272679240325179,0.9493191116046394,0.9542551601133267,0.9220677614501877
