index,ADHD,PTSD,anxiety,autism,depression,non-diagnosed,schizophrenia,Macro_Average
TPR,0.9,0.9818181818181818,0.803921568627451,0.9574468085106383,0.9204545454545454,0.8481012658227848,0.9230769230769231,0.9049741847586464
PPV,0.9,0.7941176470588235,0.9761904761904762,0.8333333333333334,0.9878048780487805,0.9852941176470589,0.8275862068965517,0.9006180941678605
ACC,0.976303317535545,0.9644549763033176,0.9739336492890995,0.9739336492890995,0.981042654028436,0.9691943127962085,0.966824644549763,0.972241029113067
F1,0.9,0.8780487804878049,0.8817204301075269,0.8910891089108911,0.9529411764705882,0.9115646258503401,0.8727272727272727,0.898298770650632
MCC,0.8865591397849463,0.8641296724099106,0.8723900727405461,0.879090018112193,0.9420101363844099,0.8967197132928009,0.855401562137683,0.88518575926607
AUC,0.9432795698924732,0.9718355214268021,0.9006130754188468,0.9667234042553192,0.9587302667392488,0.9225929069638705,0.9480249480249481,0.9445428132459297
GM,0.9422861698053578,0.9717842493055826,0.8954075408046344,0.9666788945179174,0.9579659145930228,0.9195807019398312,0.9476966276867815,0.9430571569504469
