index,ADHD,PTSD,anxiety,autism,depression,non-diagnosed,schizophrenia,Macro_Average
TPR,0.04,0.6,0.47058823529411764,0.574468085106383,0.4772727272727273,1.0,0.40384615384615385,0.5094536002170545
PPV,0.1,0.8048780487804879,1.0,0.84375,0.9545454545454546,0.3623853211009174,0.4883720930232558,0.6505615596357309
ACC,0.8436018957345972,0.9289099526066351,0.9360189573459715,0.9407582938388626,0.8862559241706162,0.6706161137440758,0.8744075829383886,0.8686526743398781
F1,0.05714285714285714,0.6875,0.64,0.6835443037974683,0.6363636363636364,0.531986531986532,0.4421052631578947,0.5255203703497698
MCC,-0.012756751684074146,0.6572631380497528,0.6623170749528997,0.6668442889400373,0.6265066357176176,0.46425150738850485,0.37419248819904943,0.49123119736625537
AUC,0.49580645161290327,0.7891008174386921,0.7352941176470589,0.7805673758865248,0.7356423516603157,0.7973760932944607,0.6721933471933472,0.7151400792476147
GM,0.19510129709725732,0.7661076823309048,0.6859943405700354,0.7528668611635778,0.6887777629614186,0.7712017807220891,0.6163064820636562,0.6394794581298485
