index,ADHD,PTSD,anxiety,autism,depression,non-diagnosed,schizophrenia,Macro_Average
TPR,0.9,0.9818181818181818,0.7647058823529411,1.0,0.9318181818181818,0.9367088607594937,0.9615384615384616,0.9252270811838942
PPV,0.9375,0.8181818181818182,0.9069767441860465,0.9791666666666666,0.9534883720930233,0.9736842105263158,0.9090909090909091,0.9254412458206829
ACC,0.981042654028436,0.9691943127962085,0.9620853080568721,0.9976303317535545,0.976303317535545,0.9834123222748815,0.9834123222748815,0.9790115098171971
F1,0.9183673469387755,0.8925619834710744,0.8297872340425532,0.9894736842105263,0.9425287356321839,0.9548387096774194,0.9345794392523364,0.9231624476035526
MCC,0.9078905467920055,0.8797085749910826,0.8123550794780442,0.9882082551545275,0.9277030917577573,0.9449492975976448,0.9255671306557199,0.9123402823466831
AUC,0.9459677419354839,0.9745603170671291,0.8769621055969558,0.9986666666666666,0.9599210669569951,0.9654389784847031,0.974012474012474,0.9565041929600583
GM,0.944850218544649,0.9745332908634976,0.8697477076693195,0.9986657765906136,0.9595096052852887,0.9650113996803782,0.9739325944564637,0.9551786561557444
