index,ADHD,PTSD,anxiety,autism,depression,non-diagnosed,schizophrenia,Macro_Average
TPR,0.9,0.9454545454545454,0.8823529411764706,0.9787234042553191,0.9659090909090909,0.9493670886075949,0.9615384615384616,0.9404779331344975
PPV,0.8823529411764706,0.9285714285714286,0.9183673469387755,0.9583333333333334,0.9770114942528736,0.9615384615384616,0.9433962264150944,0.9385101760323483
ACC,0.9739336492890995,0.9834123222748815,0.976303317535545,0.9928909952606635,0.9881516587677726,0.9834123222748815,0.9881516587677726,0.9837508463100881
F1,0.8910891089108911,0.9369369369369369,0.9,0.968421052631579,0.9714285714285714,0.9554140127388535,0.9523809523809523,0.9393815192896835
MCC,0.8763413378108337,0.9274379324467394,0.8867934831308512,0.9644840610667353,0.963980086895038,0.9452542314333359,0.9456716942912962,0.9299946895821185
AUC,0.9419354838709677,0.9672776814466187,0.9357856350087205,0.9866950354609929,0.9799605334784975,0.9703103664612318,0.9767151767151767,0.965525701777458
GM,0.9410015254864054,0.9670314698913464,0.9342589051855504,0.9866628330383641,0.9798597879988648,0.9700843192088384,0.9765972576974624,0.9650708712152617
