index,ADHD,PTSD,anxiety,autism,depression,non-diagnosed,schizophrenia,Macro_Average
TPR,0.62,0.7818181818181819,0.6666666666666666,0.8936170212765957,0.8181818181818182,1.0,0.7307692307692307,0.7872932741017847
PPV,0.5961538461538461,0.8775510204081632,0.8947368421052632,0.8936170212765957,0.9863013698630136,0.6869565217391305,0.7916666666666666,0.8181404697446685
ACC,0.9052132701421801,0.957345971563981,0.9502369668246445,0.976303317535545,0.9597156398104265,0.9146919431279621,0.943127962085308,0.943805010155721
F1,0.6078431372549019,0.8269230769230769,0.7640449438202247,0.8936170212765957,0.8944099378881988,0.8144329896907216,0.76,0.7944673009791028
MCC,0.5540961714650667,0.8044327805417025,0.7468653789959575,0.8802836879432624,0.8755845722039722,0.7841276227674411,0.7285505840915038,0.7677058282869866
AUC,0.7817741935483871,0.8827347039881099,0.8279424977538186,0.9401418439716311,0.9075939031028852,0.9475218658892128,0.8518711018711018,0.8770828728750208
GM,0.7648529270389178,0.8769472123098987,0.8120830535690178,0.9389899507766707,0.9031789258057327,0.9460675091019803,0.8432192544164958,0.8693341190026734
