index,ADHD,PTSD,anxiety,autism,depression,non-diagnosed,schizophrenia,Macro_Average
TPR,0.58,0.8181818181818182,0.49019607843137253,0.9787234042553191,0.6022727272727273,0.8481012658227848,0.6153846153846154,0.7046942727640911
PPV,0.5686274509803921,0.4368932038834951,0.5319148936170213,1.0,0.8688524590163934,0.9436619718309859,0.7441860465116279,0.7277337179771308
ACC,0.8981042654028436,0.8388625592417062,0.8862559241706162,0.9976303317535545,0.8981042654028436,0.9620853080568721,0.9265402843601895,0.9153689911983751
F1,0.5742574257425742,0.569620253164557,0.5102040816326531,0.989247311827957,0.7114093959731543,0.8933333333333333,0.6736842105263158,0.703108001742935
MCC,0.5164230462719803,0.5174148475821541,0.4464582335852669,0.9879880649471654,0.6681357911616628,0.8721925748869018,0.6363418287091592,0.6635649124491844
AUC,0.7604301075268818,0.8300718355214268,0.7154484435283547,0.9893617021276595,0.789160315732172,0.918219729121305,0.7928274428274429,0.8279313680550348
GM,0.7387143729014501,0.8299866743590372,0.6790639493931048,0.9893045053244826,0.7667118319201255,0.9155385693963181,0.7727155990980104,0.8131479289132183
