index,ADHD,PTSD,anxiety,autism,depression,non-diagnosed,schizophrenia,Macro_Average
TPR,0.92,0.9272727272727272,0.7647058823529411,0.9787234042553191,0.7840909090909091,0.8481012658227848,0.9615384615384616,0.8834903786190205
PPV,0.7419354838709677,0.7391304347826086,0.8863636363636364,0.9787234042553191,0.9583333333333334,0.9710144927536232,0.847457627118644,0.8747083446397331
ACC,0.95260663507109,0.9478672985781991,0.9597156398104265,0.995260663507109,0.9478672985781991,0.966824644549763,0.9739336492890995,0.9634394041976979
F1,0.8214285714285714,0.8225806451612904,0.8210526315789474,0.9787234042553191,0.8625,0.9054054054054054,0.9009009009009009,0.8732273655329192
MCC,0.8005779890702751,0.7994825145770443,0.8012573568703327,0.9760567375886525,0.8370993556833507,0.8883829737852467,0.8883048770387995,0.8558802578019574
AUC,0.938494623655914,0.9391132028734208,0.8756143967020771,0.9880283687943262,0.8875544365813827,0.9211351810163486,0.9686070686070687,0.9312210397472198
GM,0.9383123720418919,0.9390385566890873,0.8685619570052615,0.9879845520944671,0.8815033615219647,0.918235301509107,0.9685812759648456,0.9288881966895178
