index,ADHD,PTSD,anxiety,autism,depression,non-diagnosed,schizophrenia,Macro_Average
TPR,0.92,0.8181818181818182,0.8235294117647058,0.8936170212765957,0.875,0.7721518987341772,0.7884615384615384,0.8415630983455479
PPV,0.5168539325842697,0.9,0.875,1.0,0.9058823529411765,0.9384615384615385,0.9534883720930233,0.8699551708685725
ACC,0.8886255924170616,0.9644549763033176,0.9644549763033176,0.9881516587677726,0.9549763033175356,0.9478672985781991,0.9691943127962085,0.953960731211916
F1,0.6618705035971223,0.8571428571428571,0.8484848484848485,0.9438202247191011,0.8901734104046243,0.8472222222222222,0.8631578947368421,0.8445531373296596
MCC,0.6372591181258394,0.8381373139635095,0.828860010603727,0.939073427680492,0.8620732371470768,0.8217947813899131,0.8508276527628854,0.8254322202390634
AUC,0.9022043010752688,0.9022789199900917,0.9036784525130808,0.9468085106382979,0.9255239520958084,0.8802450455770012,0.8915280665280665,0.9074667497739451
GM,0.9020287766909073,0.8983512269296097,0.9001171461557388,0.9453131868733218,0.9241438828275955,0.8735829736598995,0.8855504413637793,0.9041553763572646
