index,ADHD,PTSD,anxiety,autism,depression,non-diagnosed,schizophrenia,Macro_Average
TPR,0.84,0.6727272727272727,0.43137254901960786,0.9574468085106383,0.7840909090909091,0.7974683544303798,0.9423076923076923,0.7750590837266429
PPV,0.5121951219512195,0.7115384615384616,0.6666666666666666,1.0,0.8117647058823529,0.9692307692307692,0.8166666666666667,0.7840089131337338
ACC,0.8862559241706162,0.9218009478672986,0.9052132701421801,0.995260663507109,0.9170616113744076,0.957345971563981,0.966824644549763,0.935680433310765
F1,0.6363636363636364,0.6915887850467289,0.5238095238095238,0.9782608695652174,0.7976878612716763,0.875,0.875,0.7682443822938262
MCC,0.5982762710793535,0.6471865780911761,0.4877159054359979,0.9758931883647864,0.7457240227627907,0.8554529943997199,0.858899995329583,0.7384498507804869
AUC,0.8662365591397849,0.8159276690611841,0.7008614766661382,0.9787234042553192,0.8680933587370713,0.8958187253201462,0.9562889812889812,0.8688500249240894
GM,0.8658391417317877,0.803263099880374,0.6469795416785317,0.9784921095801633,0.8640194835400724,0.8904035002065395,0.9561867700889504,0.857883378100917
