index,ADHD,PTSD,anxiety,autism,depression,non-diagnosed,schizophrenia,Macro_Average
TPR,1.0,0.9818181818181818,0.9411764705882353,0.9787234042553191,0.9886363636363636,1.0,0.9423076923076923,0.9760945875151131
PPV,0.9803921568627451,1.0,1.0,1.0,0.9886363636363636,0.9186046511627907,1.0,0.9839475959517
ACC,0.9976303317535545,0.9976303317535545,0.9928909952606635,0.9976303317535545,0.995260663507109,0.9834123222748815,0.9928909952606635,0.9939065673662829
F1,0.9900990099009901,0.9908256880733946,0.9696969696969697,0.989247311827957,0.9886363636363636,0.9575757575757575,0.9702970297029703,0.9794825900592005
MCC,0.9888158039167253,0.9895201855588691,0.9662437201382018,0.9879880649471654,0.9856423516603158,0.948608252897681,0.9668137411435208,0.976233160037497
AUC,0.9986559139784946,0.990909090909091,0.9705882352941176,0.9893617021276595,0.9928211758301579,0.9897959183673469,0.9711538461538461,0.9861836975229591
GM,0.9986550094787435,0.9908673886137246,0.9701425001453319,0.9893045053244826,0.9928123561497811,0.989743318610787,0.970725343394151,0.9860357745310002
