index,ADHD,PTSD,anxiety,autism,depression,non-diagnosed,schizophrenia,Macro_Average
TPR,0.9,0.6909090909090909,0.49019607843137253,0.574468085106383,0.625,0.35443037974683544,0.40384615384615385,0.576978541148548
PPV,0.22959183673469388,0.8636363636363636,0.7352941176470589,1.0,0.859375,0.9655172413793104,0.75,0.7719163656282039
ACC,0.6303317535545023,0.9454976303317536,0.9170616113744076,0.95260663507109,0.9004739336492891,0.8767772511848341,0.909952606635071,0.8761002031144212
F1,0.36585365853658536,0.7676767676767676,0.5882352941176471,0.7297297297297297,0.7236842105263158,0.5185185185185185,0.525,0.602671168443652
MCC,0.32016716026457787,0.7431268064928492,0.5580128722084904,0.7384992169633133,0.6773659947743367,0.5420122530203302,0.5083397222267183,0.5839320037072309
AUC,0.7470430107526882,0.8372801585335645,0.7329686591617779,0.7872340425531915,0.7990269461077844,0.6757574639258959,0.6924636174636174,0.7531105569283599
GM,0.7312163970773896,0.8243867869128318,0.6915956400664433,0.7579367289598671,0.7798452940389718,0.5944720809462304,0.6294488233413589,0.7155573930490132
