index,ADHD,PTSD,anxiety,autism,depression,non-diagnosed,schizophrenia,Macro_Average
TPR,0.98,0.9636363636363636,0.8823529411764706,1.0,0.9886363636363636,0.9746835443037974,0.9615384615384616,0.9644068106130652
PPV,0.8448275862068966,1.0,0.9782608695652174,1.0,0.9775280898876404,0.9871794871794872,0.9803921568627451,0.9668840271002839
ACC,0.976303317535545,0.995260663507109,0.9834123222748815,1.0,0.9928909952606635,0.9928909952606635,0.9928909952606635,0.9905213270142179
F1,0.9074074074074074,0.9814814814814815,0.9278350515463918,1.0,0.9830508474576272,0.9808917197452229,0.970873786407767,0.9645057562922713
MCC,0.8971431410299432,0.9789859050649511,0.9200529580457432,1.0,0.978578284353304,0.9765550228383004,0.9668847561930396,0.9597428667893259
AUC,0.9779032258064516,0.9818181818181818,0.9398287616933565,1.0,0.9913241698421339,0.9858840462043769,0.9794178794178794,0.9794537521117685
GM,0.9779009779014669,0.9816498172140428,0.938069630337737,1.0,0.9913205260716618,0.9858204204202148,0.9792546701138111,0.9791451488655621
