index,ADHD,PTSD,anxiety,autism,depression,non-diagnosed,schizophrenia,Macro_Average
TPR,0.98,0.9454545454545454,0.9411764705882353,0.9787234042553191,0.9886363636363636,0.9746835443037974,0.9423076923076923,0.9644260029351363
PPV,0.9245283018867925,0.9811320754716981,0.9795918367346939,1.0,0.9354838709677419,0.9746835443037974,1.0,0.9707742327663891
ACC,0.9881516587677726,0.990521327014218,0.990521327014218,0.9976303317535545,0.9834123222748815,0.990521327014218,0.9928909952606635,0.9905213270142179
F1,0.9514563106796117,0.9629629629629629,0.96,0.989247311827957,0.9613259668508287,0.9746835443037974,0.9702970297029703,0.9671390180468754
MCC,0.945235359490281,0.9577462746121513,0.9548718622251242,0.9879880649471654,0.9513663338840705,0.96885264051371,0.9668137411435208,0.9618391824022892
AUC,0.9846236559139785,0.9713648749071092,0.969240526399239,0.9893617021276595,0.985336145890038,0.9844263202568551,0.9711538461538461,0.9793581530926749
GM,0.9846127998311813,0.9710192454482884,0.9688341482349343,0.9893045053244826,0.9853306191123167,0.9843781074014093,0.970725343394151,0.9791721098209661
