index,ADHD,PTSD,anxiety,autism,depression,non-diagnosed,schizophrenia,Macro_Average
TPR,0.6,0.8,0.9411764705882353,0.7872340425531915,0.5340909090909091,0.6708860759493671,0.5192307692307693,0.6932311810589246
PPV,0.8823529411764706,0.8627450980392157,0.2891566265060241,1.0,1.0,0.9636363636363636,0.84375,0.8345201470511535
ACC,0.943127962085308,0.957345971563981,0.7132701421800948,0.976303317535545,0.9028436018957346,0.933649289099526,0.9289099526066351,0.9079214624238322
F1,0.7142857142857143,0.8301886792452831,0.4423963133640553,0.8809523809523809,0.6962962962962963,0.7910447761194029,0.6428571428571429,0.7140030433028964
MCC,0.6996788734105739,0.8065892987958719,0.4157839641530025,0.8756634085562085,0.6897078872225325,0.7705554635725677,0.6279181170415824,0.6979852875360485
AUC,0.7946236559139785,0.8904632152588556,0.8115585856984303,0.8936170212765957,0.7670454545454546,0.8325275860796398,0.7528586278586279,0.8203848780902261
GM,0.7704209155369383,0.8858561646306746,0.8011407753556985,0.8872621047656614,0.7308152359460693,0.8166848864687022,0.715691370084995,0.8011244932555343
