index,ADHD,PTSD,anxiety,autism,depression,non-diagnosed,schizophrenia,Macro_Average
TPR,1.0,0.9636363636363636,0.9215686274509803,0.9787234042553191,0.9886363636363636,1.0,0.9807692307692307,0.9761905699640369
PPV,0.9259259259259259,1.0,1.0,1.0,0.9775280898876404,0.9634146341463414,1.0,0.9809812357085583
ACC,0.990521327014218,0.995260663507109,0.990521327014218,0.9976303317535545,0.9928909952606635,0.9928909952606635,0.9976303317535545,0.9939065673662829
F1,0.9615384615384616,0.9814814814814815,0.9591836734693877,0.989247311827957,0.9830508474576272,0.9813664596273292,0.9902912621359223,0.9780227853625952
MCC,0.9570630769045654,0.9789859050649511,0.9548500207317917,0.9879880649471654,0.978578284353304,0.9772350111840227,0.989002349813674,0.9748146732856392
AUC,0.9946236559139785,0.9818181818181818,0.9607843137254901,0.9893617021276595,0.9913241698421339,0.9956268221574345,0.9903846153846154,0.9862747801384992
GM,0.9946091251481444,0.9816498172140428,0.9599836599916586,0.9893045053244826,0.9913205260716618,0.9956172177673852,0.9903379376602871,0.9861175413110946
