index,ADHD,PTSD,anxiety,autism,depression,non-diagnosed,schizophrenia,Macro_Average
TPR,1.0,0.9636363636363636,0.9803921568627451,1.0,0.9886363636363636,0.9873417721518988,0.9807692307692307,0.9858251267223717
PPV,0.9259259259259259,1.0,1.0,1.0,0.9775280898876404,1.0,1.0,0.9862077165447952
ACC,0.990521327014218,0.995260663507109,0.9976303317535545,1.0,0.9928909952606635,0.9976303317535545,0.9976303317535545,0.995937711577522
F1,0.9615384615384616,0.9814814814814815,0.9900990099009901,1.0,0.9830508474576272,0.9936305732484076,0.9902912621359223,0.9857273765375558
MCC,0.9570630769045654,0.9789859050649511,0.9888158039167253,1.0,0.978578284353304,0.9922054185407827,0.989002349813674,0.9835215483705717
AUC,0.9946236559139785,0.9818181818181818,0.9901960784313726,1.0,0.9913241698421339,0.9936708860759493,0.9903846153846154,0.9917167982094617
GM,0.9946091251481444,0.9816498172140428,0.9901475429766743,1.0,0.9913205260716618,0.99365072945774,0.9903379376602871,0.9916736683612216
