index,ADHD,PTSD,anxiety,autism,depression,non-diagnosed,schizophrenia,Macro_Average
TPR,0.88,0.8727272727272727,0.8627450980392157,0.8936170212765957,0.8977272727272727,0.8354430379746836,0.8653846153846154,0.8725206168756652
PPV,0.6376811594202898,0.8727272727272727,0.8148148148148148,1.0,0.9518072289156626,0.9166666666666666,0.9574468085106383,0.8787348501507635
ACC,0.9265402843601895,0.966824644549763,0.9597156398104265,0.9881516587677726,0.9691943127962085,0.9549763033175356,0.9786729857819905,0.963439404197698
F1,0.7394957983193278,0.8727272727272727,0.8380952380952381,0.9438202247191011,0.9239766081871345,0.8741721854304636,0.9090909090909091,0.8716254623670638
MCC,0.71027408746048,0.8536537032449839,0.8155468269624957,0.939073427680492,0.9052894010008183,0.8481785114328025,0.8985162239643475,0.8529331688209171
AUC,0.9063978494623656,0.926826851622492,0.9178954600708208,0.9468085106382979,0.9428756124115405,0.9089751633022105,0.929989604989605,0.9256812932139046
GM,0.9060133636176474,0.9252465879168756,0.9162371489884082,0.9453131868733218,0.941794058116843,0.9059960673452712,0.9277428850208773,0.9240490425541779
