index,ADHD,PTSD,anxiety,autism,depression,non-diagnosed,schizophrenia,Macro_Average
TPR,0.8,0.8,0.5294117647058824,1.0,0.7159090909090909,0.9113924050632911,0.9230769230769231,0.8113985976793125
PPV,0.7142857142857143,0.6285714285714286,0.6585365853658537,0.9591836734693877,0.863013698630137,0.96,0.8275862068965517,0.8015967581741533
ACC,0.9383886255924171,0.9123222748815166,0.909952606635071,0.995260663507109,0.9170616113744076,0.976303317535545,0.966824644549763,0.945159106296547
F1,0.7547169811320755,0.704,0.5869565217391305,0.9791666666666666,0.782608695652174,0.935064935064935,0.8727272727272727,0.8021772961403222
MCC,0.7211267842083935,0.6599546146679821,0.5411237080153702,0.9767640591314181,0.7367919926868317,0.9210489722532547,0.855401562137683,0.773173099014419
AUC,0.878494623655914,0.8645776566757493,0.7458379578246392,0.9973333333333334,0.8429844855743059,0.95132302468908,0.9480249480249481,0.8897965756825672
GM,0.8749807985604383,0.8621625430747957,0.7137464271463297,0.9973297682645729,0.8333514786629092,0.9504846358147409,0.9476966276867815,0.8828217541729382
