index,ADHD,PTSD,anxiety,autism,depression,non-diagnosed,schizophrenia,Macro_Average
TPR,0.98,0.9636363636363636,1.0,1.0,0.9772727272727273,0.9873417721518988,0.9615384615384616,0.9813984749427788
PPV,0.9607843137254902,0.9814814814814815,0.9622641509433962,1.0,0.9885057471264368,0.975,1.0,0.9811479561824007
ACC,0.9928909952606635,0.9928909952606635,0.995260663507109,1.0,0.9928909952606635,0.9928909952606635,0.995260663507109,0.9945836154366959
F1,0.9702970297029703,0.9724770642201835,0.9807692307692307,1.0,0.9828571428571429,0.9811320754716981,0.9803921568627451,0.9811320999834244
MCC,0.9663209106955469,0.9684495670148261,0.9783029914712511,1.0,0.9783984464565928,0.9767820544179723,0.9779411536065382,0.9780278748089611
AUC,0.9873118279569892,0.9804557839980184,0.9973045822102427,1.0,0.9871393576483397,0.9907554341809057,0.9807692307692308,0.9891051738233896
GM,0.9872847526401383,0.9803115073658305,0.9973009397471182,1.0,0.9870900470693683,0.9907495532527616,0.9805806756909202,0.9890453536808766
