index,ADHD,PTSD,anxiety,autism,depression,non-diagnosed,schizophrenia,Macro_Average
TPR,0.9,0.7090909090909091,0.6274509803921569,0.574468085106383,0.5909090909090909,0.35443037974683544,0.40384615384615385,0.5943136570130756
PPV,0.23684210526315788,0.8297872340425532,0.7272727272727273,1.0,0.8813559322033898,0.9655172413793104,0.8076923076923077,0.7783525068362066
ACC,0.6445497630331753,0.943127962085308,0.9265402843601895,0.95260663507109,0.8981042654028436,0.8767772511848341,0.9146919431279621,0.8794854434664862
F1,0.375,0.7647058823529411,0.6736842105263158,0.7297297297297297,0.7074829931972789,0.5185185185185185,0.5384615384615384,0.6153689818266175
MCC,0.331427810209945,0.7355148517613629,0.6347374305867417,0.7384992169633133,0.6676867786131947,0.5420122530203302,0.5335844150474776,0.5976375366003379
AUC,0.7551075268817204,0.8436462719841467,0.7975529834575339,0.7872340425531915,0.7849755035383779,0.6757574639258959,0.6951663201663202,0.7627771589295982
GM,0.7410759396897842,0.8328468566005505,0.7792022009563113,0.7579367289598671,0.7606081570983374,0.5944720809462304,0.6311804602399962,0.7281889177844396
