index,ADHD,PTSD,anxiety,autism,depression,non-diagnosed,schizophrenia,Macro_Average
TPR,1.0,0.9818181818181818,0.9607843137254902,1.0,0.9886363636363636,1.0,1.0,0.9901769798828622
PPV,0.9615384615384616,1.0,1.0,1.0,0.9886363636363636,0.9875,1.0,0.9910964035964037
ACC,0.995260663507109,0.9976303317535545,0.995260663507109,1.0,0.995260663507109,0.9976303317535545,1.0,0.997291807718348
F1,0.9803921568627451,0.9908256880733946,0.98,1.0,0.9886363636363636,0.9937106918238994,1.0,0.9905092714852005
MCC,0.9779411536065382,0.9895201855588691,0.9775646552565486,1.0,0.9856423516603158,0.9922807018448179,1.0,0.9889927211324414
AUC,0.9973118279569892,0.990909090909091,0.9803921568627452,1.0,0.9928211758301579,0.9985422740524781,1.0,0.9942823608016373
GM,0.9973082050770355,0.9908673886137246,0.9801960588196069,1.0,0.9928123561497811,0.9985412100183729,1.0,0.9942464598112173
