index,ADHD,PTSD,anxiety,autism,depression,non-diagnosed,schizophrenia,Macro_Average
TPR,0.9,0.9454545454545454,0.8627450980392157,0.9574468085106383,0.8863636363636364,0.9240506329113924,0.9423076923076923,0.9169097733695886
PPV,0.8653846153846154,0.896551724137931,0.8461538461538461,0.9375,0.9285714285714286,0.9605263157894737,0.9423076923076923,0.9109993746207126
ACC,0.9715639810426541,0.9786729857819905,0.9644549763033176,0.9881516587677726,0.9620853080568721,0.9786729857819905,0.985781990521327,0.9756262694651322
F1,0.8823529411764706,0.9203539823008849,0.8543689320388349,0.9473684210526315,0.9069767441860465,0.9419354838709677,0.9423076923076923,0.913666313847647
MCC,0.8664030004114142,0.9084789025041317,0.8341791944692334,0.9407598669789432,0.8835602579210349,0.9291402029423084,0.9341995841995842,0.8995315727752357
AUC,0.9405913978494624,0.9645528858062917,0.9205908778605782,0.9747234042553192,0.9341997822536745,0.9576521386131307,0.9670997920997921,0.9513443255340356
GM,0.93971512498684,0.9643637917886871,0.9187716964278821,0.9745702817357778,0.9329742420395108,0.9570624626454006,0.9667819607684867,0.9506056514846549
