index,ADHD,PTSD,anxiety,autism,depression,non-diagnosed,schizophrenia,Macro_Average
TPR,1.0,0.9454545454545454,0.9607843137254902,1.0,0.9772727272727273,0.9746835443037974,0.9807692307692307,0.9769949087893988
PPV,0.9259259259259259,1.0,1.0,0.9791666666666666,0.9772727272727273,0.9871794871794872,0.9622641509433962,0.9759727082840292
ACC,0.990521327014218,0.9928909952606635,0.995260663507109,0.9976303317535545,0.990521327014218,0.9928909952606635,0.9928909952606635,0.9932295192958699
F1,0.9615384615384616,0.9719626168224299,0.98,0.9894736842105263,0.9772727272727273,0.9808917197452229,0.9714285714285714,0.9760811115739914
MCC,0.9570630769045654,0.968394907973342,0.9775646552565486,0.9882082551545275,0.9712847033206314,0.9765550228383004,0.9674266798446611,0.972356757327511
AUC,0.9946236559139785,0.9727272727272727,0.9803921568627452,0.9986666666666666,0.9856423516603157,0.9858840462043769,0.9876819126819127,0.9865168661024669
GM,0.9946091251481444,0.9723448696087954,0.9801960588196069,0.9986657765906136,0.985606815507121,0.9858204204202148,0.9876577218185334,0.9864143982732899
