index,ADHD,PTSD,anxiety,autism,depression,non-diagnosed,schizophrenia,Macro_Average
TPR,0.78,0.6909090909090909,0.6078431372549019,1.0,0.8068181818181818,0.9493670886075949,0.7884615384615384,0.8033427195787582
PPV,0.7358490566037735,0.7307692307692307,0.6458333333333334,0.9591836734693877,0.7802197802197802,0.9036144578313253,0.8913043478260869,0.8066819828647027
ACC,0.9407582938388626,0.9265402843601895,0.9123222748815166,0.995260663507109,0.9123222748815166,0.9715639810426541,0.9620853080568721,0.94583615436696
F1,0.7572815533980582,0.7102803738317757,0.6262626262626263,0.9791666666666666,0.7932960893854749,0.9259259259259259,0.8367346938775511,0.8041354184782971
MCC,0.7239743645352674,0.6686004667499872,0.5769898764571899,0.9767640591314181,0.7378437405834551,0.9087681247375068,0.8173390925324209,0.7728971035324637
AUC,0.8711827956989248,0.8263809759722567,0.781010517414513,0.9973333333333334,0.8734689711486119,0.9630217367236225,0.8874740124740125,0.8856960489664678
GM,0.8663978077594164,0.8152011321178914,0.7615710648132201,0.9973297682645729,0.8709223362855296,0.9629249274927976,0.8819334741388677,0.8794686444103279
