index,ADHD,PTSD,anxiety,autism,depression,non-diagnosed,schizophrenia,Macro_Average
TPR,0.02,0.6545454545454545,0.49019607843137253,0.574468085106383,0.6590909090909091,1.0,0.4230769230769231,0.5459110643215774
PPV,1.0,0.8780487804878049,0.7575757575757576,1.0,0.8285714285714286,0.3574660633484163,0.7586206896551724,0.7971832456626542
ACC,0.8838862559241706,0.943127962085308,0.919431279620853,0.95260663507109,0.9004739336492891,0.6635071090047393,0.9123222748815166,0.882193635748138
F1,0.0392156862745098,0.75,0.5952380952380952,0.7297297297297297,0.7341772151898734,0.5266666666666666,0.5432098765432098,0.5597481813774406
MCC,0.1329368610511331,0.7285590966455018,0.5689484190897242,0.7384992169633133,0.6806059063684855,0.45768678970710475,0.5251198604141796,0.5474794500342061
AUC,0.51,0.8204607381719098,0.7343163680566566,0.7872340425531915,0.8115813826891671,0.793002915451895,0.7020790020790021,0.7369534927145461
GM,0.1414213562373095,0.8035097644339788,0.6925502238749089,0.7579367289598671,0.7971267127561585,0.7655101768780022,0.644261410510334,0.6574737676643656
