index,ADHD,PTSD,anxiety,autism,depression,non-diagnosed,schizophrenia,Macro_Average
TPR,0.98,0.9454545454545454,0.9803921568627451,0.9787234042553191,0.9772727272727273,0.9746835443037974,0.9423076923076923,0.9684048672081181
PPV,0.9245283018867925,1.0,0.9615384615384616,0.9787234042553191,0.9772727272727273,0.9625,0.98,0.9692232707076146
ACC,0.9881516587677726,0.9928909952606635,0.9928909952606635,0.995260663507109,0.990521327014218,0.9881516587677726,0.990521327014218,0.9911983750846309
F1,0.9514563106796117,0.9719626168224299,0.970873786407767,0.9787234042553191,0.9772727272727273,0.9685534591194969,0.9607843137254902,0.9685180883261204
MCC,0.945235359490281,0.968394907973342,0.9668847561930396,0.9760567375886525,0.9712847033206314,0.9612834069911267,0.9556335229675135,0.9635390563606551
AUC,0.9846236559139785,0.9727272727272727,0.9875006606416151,0.9880283687943262,0.9856423516603157,0.9829685943093331,0.9698024948024948,0.9816133426927623
GM,0.9846127998311813,0.9723448696087954,0.9874750750989375,0.9879845520944671,0.985606815507121,0.9829336779991171,0.9694126648445,0.9814814935691599
