index,ADHD,PTSD,anxiety,autism,depression,non-diagnosed,schizophrenia,Macro_Average
TPR,0.94,0.9454545454545454,0.9803921568627451,0.9787234042553191,0.9545454545454546,0.9620253164556962,0.9615384615384616,0.9603827627303174
PPV,0.94,0.9454545454545454,0.9433962264150944,0.9787234042553191,0.9655172413793104,0.987012987012987,0.9433962264150944,0.9576429472760501
ACC,0.985781990521327,0.985781990521327,0.990521327014218,0.995260663507109,0.9834123222748815,0.990521327014218,0.9881516587677726,0.9884901828029792
F1,0.94,0.9454545454545454,0.9615384615384616,0.9787234042553191,0.96,0.9743589743589743,0.9523809523809523,0.9589223339983219
MCC,0.9319354838709677,0.9372801585335645,0.9563653825440569,0.9760567375886525,0.9495617273334832,0.9686659932684965,0.9456716942912962,0.9522195967757883
AUC,0.9659677419354838,0.9686400792667822,0.9861529517467365,0.9880283687943262,0.9727817093086555,0.9795549322803263,0.9767151767151767,0.9768344228639266
GM,0.9656186384068556,0.968362553067703,0.9861361252287159,0.9879845520944671,0.9726107612902918,0.9793980691852294,0.9765972576974624,0.9766725652815321
