index,ADHD,PTSD,anxiety,autism,depression,non-diagnosed,schizophrenia,Macro_Average
TPR,0.98,0.9454545454545454,0.9803921568627451,1.0,0.9886363636363636,0.9493670886075949,0.9423076923076923,0.9694511209812774
PPV,0.9423076923076923,1.0,1.0,1.0,0.9666666666666667,0.9615384615384616,0.9245283018867925,0.9707201603428018
ACC,0.990521327014218,0.9928909952606635,0.9976303317535545,1.0,0.990521327014218,0.9834123222748815,0.9834123222748815,0.991198375084631
F1,0.9607843137254902,0.9719626168224299,0.9900990099009901,1.0,0.9775280898876404,0.9554140127388535,0.9333333333333333,0.9698744823441053
MCC,0.9556335229675135,0.968394907973342,0.9888158039167253,1.0,0.9716215402120135,0.9452542314333359,0.9239167087379312,0.9648052450344089
AUC,0.9859677419354839,0.9727272727272727,0.9901960784313726,1.0,0.98982716385411,0.9703103664612318,0.9657484407484407,0.9821110091654159
GM,0.9859496813699715,0.9723448696087954,0.9901475429766743,1.0,0.989826447564578,0.9700843192088384,0.9654639206726382,0.9819738259144994
