index,ADHD,PTSD,anxiety,autism,depression,non-diagnosed,schizophrenia,Macro_Average
TPR,0.94,0.9454545454545454,1.0,0.9787234042553191,0.9772727272727273,1.0,0.9615384615384616,0.9718555912172934
PPV,0.9591836734693877,1.0,0.9272727272727272,1.0,0.9885057471264368,0.9753086419753086,0.9615384615384616,0.9731156073403316
ACC,0.9881516587677726,0.9928909952606635,0.990521327014218,0.9976303317535545,0.9928909952606635,0.995260663507109,0.990521327014218,0.9925524712254569
F1,0.9494949494949495,0.9719626168224299,0.9622641509433962,0.989247311827957,0.9828571428571429,0.9875,0.9615384615384616,0.972123519069191
MCC,0.9428460485405279,0.968394907973342,0.9577448395332319,0.9879880649471654,0.9783984464565928,0.9846937143692499,0.9561330561330561,0.9680284397075951
AUC,0.9673118279569892,0.9727272727272727,0.9946091644204852,0.9893617021276595,0.9871393576483397,0.9970845481049563,0.9780665280665282,0.9837572001503186
GM,0.9669261794775957,0.9723448696087954,0.9945945550026757,0.9893045053244826,0.9870900470693683,0.9970802857392741,0.9779268665605605,0.9836096155403932
