index,ADHD,PTSD,anxiety,autism,depression,non-diagnosed,schizophrenia,Macro_Average
TPR,0.78,0.8727272727272727,0.7843137254901961,0.8936170212765957,0.8636363636363636,0.8481012658227848,0.8653846153846154,0.8439686091911184
PPV,0.5909090909090909,0.8421052631578947,0.8163265306122449,0.9545454545454546,0.9156626506024096,0.8933333333333333,0.9375,0.8500546175943468
ACC,0.909952606635071,0.9620853080568721,0.95260663507109,0.9834123222748815,0.9549763033175356,0.95260663507109,0.976303317535545,0.9559918754231552
F1,0.6724137931034483,0.8571428571428571,0.8,0.9230769230769231,0.8888888888888888,0.8701298701298701,0.9,0.8445217617631411
MCC,0.6294140645456924,0.835470058555465,0.7733295179737293,0.9144164108550658,0.8612663395555146,0.8415930120155357,0.8874972920240223,0.8204266707892892
AUC,0.8537096774193549,0.9241020559821649,0.8800274826911897,0.9441418439716311,0.9213391399020141,0.9123888253312175,0.9286382536382536,0.9091924684194037
GM,0.8505216615549503,0.9226728789316272,0.874806976980786,0.9427889816018149,0.9195304238178417,0.9101211338507246,0.9264815072995162,0.9067033662910372
